file,line,wait_type,pattern
tests/e2e/brain-teaser.spec.js,15,waitForSelector,'#game-canvas'
tests/e2e/brain-teaser.spec.js,115,waitForSelector,'#game-canvas'
tests/e2e/brain-teaser.spec.js,163,waitForSelector,'#game-canvas'
tests/e2e/brain-teaser.spec.js,209,waitForSelector,'#game-canvas'
tests/e2e/brain-teaser.spec.js,223,waitForSelector,'#game-canvas'
tests/e2e/brain-teaser.spec.js,147,waitForFunction,(
tests/e2e/bridge-race.spec.js,12,waitForSelector,'#game-container canvas'
tests/e2e/bus-jam.spec.js,12,waitForSelector,'#game-canvas'
tests/e2e/cross-game.spec.js,48,waitForSelector,'#game-canvas'
tests/e2e/cross-game.spec.js,93,waitForSelector,'#game-canvas'
tests/e2e/cross-game.spec.js,122,waitForSelector,'#game-canvas'
tests/e2e/cross-game.spec.js,165,waitForSelector,'#game-canvas'
tests/e2e/cross-game.spec.js,242,waitForSelector,'#game-canvas'
tests/e2e/cross-game.spec.js,255,waitForSelector,'#game-canvas'
tests/e2e/cross-game.spec.js,269,waitForSelector,'#game-canvas'
tests/e2e/cross-game.spec.js,291,waitForSelector,'#game-canvas'
tests/e2e/cross-game.spec.js,186,waitForFunction,(
tests/e2e/cross-game.spec.js,206,waitForFunction,(
tests/e2e/cross-game.spec.js,223,waitForFunction,(
tests/e2e/crowd-runner.spec.js,12,waitForSelector,'#game-container canvas'
tests/e2e/deploy-smoke.spec.js,97,waitForFunction,(
tests/e2e/fail-speedrun.spec.js,16,waitForSelector,'#test-container'
tests/e2e/fail-speedrun.spec.js,136,waitForSelector,'#test-container'
tests/e2e/fail-speedrun.spec.js,185,waitForSelector,'#test-container'
tests/e2e/fail-speedrun.spec.js,285,waitForSelector,'#test-container'
tests/e2e/fail-speedrun.spec.js,345,waitForSelector,'#test-container'
tests/e2e/fail-speedrun.spec.js,362,waitForSelector,'.fs-overlay.fs-visible'
tests/e2e/fail-speedrun.spec.js,384,waitForSelector,'.fs-overlay.fs-visible'
tests/e2e/fail-speedrun.spec.js,404,waitForSelector,'.fs-overlay.fs-visible'
tests/e2e/fail-speedrun.spec.js,410,waitForSelector,'.fs-overlay:not(.fs-visible
tests/e2e/fail-speedrun.spec.js,417,waitForSelector,'#test-container'
tests/e2e/fail-speedrun.spec.js,448,waitForSelector,'#test-container'
tests/e2e/gameplay-share.spec.js,23,waitForSelector,canvasSelector
tests/e2e/gameplay-share.spec.js,49,waitForSelector,'#game-container canvas'
tests/e2e/gameplay-share.spec.js,27,waitForFunction,
tests/e2e/giant-runner.spec.js,12,waitForSelector,'#game-container canvas'
tests/e2e/jelly-shift.spec.js,15,waitForSelector,'#game-container canvas'
tests/e2e/jelly-shift.spec.js,102,waitForFunction,(
tests/e2e/level-nav.spec.js,76,waitForSelector,'#game-canvas'
tests/e2e/level-nav.spec.js,117,waitForSelector,'#game-canvas'
tests/e2e/level-nav.spec.js,140,waitForSelector,'#game-canvas'
tests/e2e/level-nav.spec.js,158,waitForSelector,'#game-canvas'
tests/e2e/level-nav.spec.js,163,waitForSelector,'#game-canvas'
tests/e2e/level-nav.spec.js,185,waitForSelector,'#game-canvas'
tests/e2e/level-nav.spec.js,190,waitForSelector,'#game-canvas'
tests/e2e/level-nav.spec.js,212,waitForSelector,'#game-canvas'
tests/e2e/level-nav.spec.js,217,waitForSelector,'#game-canvas'
tests/e2e/level-nav.spec.js,231,waitForSelector,'#game-canvas'
tests/e2e/level-nav.spec.js,247,waitForSelector,'#game-canvas'
tests/e2e/level-nav.spec.js,252,waitForSelector,'#game-canvas'
tests/e2e/level-nav.spec.js,265,waitForSelector,'#game-canvas'
tests/e2e/level-nav.spec.js,282,waitForSelector,'#game-canvas'
tests/e2e/level-nav.spec.js,297,waitForSelector,'#game-canvas'
tests/e2e/level-nav.spec.js,342,waitForSelector,'#game-canvas'
tests/e2e/level-nav.spec.js,379,waitForSelector,'#game-canvas'
tests/e2e/level-nav.spec.js,410,waitForSelector,'#game-canvas'
tests/e2e/level-nav.spec.js,435,waitForSelector,'#game-canvas'
tests/e2e/level-nav.spec.js,464,waitForSelector,'#game-canvas'
tests/e2e/level-nav.spec.js,468,waitForSelector,'#game-canvas'
tests/e2e/level-nav.spec.js,488,waitForSelector,'#game-canvas'
tests/e2e/level-nav.spec.js,497,waitForSelector,'#game-canvas'
tests/e2e/level-nav.spec.js,515,waitForSelector,'#game-canvas'
tests/e2e/level-nav.spec.js,538,waitForSelector,'#game-canvas'
tests/e2e/level-nav.spec.js,554,waitForSelector,'#game-canvas'
tests/e2e/level-nav.spec.js,562,waitForSelector,'#game-canvas'
tests/e2e/level-nav.spec.js,581,waitForSelector,'#game-canvas'
tests/e2e/level-nav.spec.js,596,waitForSelector,'#game-canvas'
tests/e2e/level-nav.spec.js,601,waitForSelector,'#game-canvas'
tests/e2e/level-nav.spec.js,631,waitForSelector,'#game-canvas'
tests/e2e/level-nav.spec.js,655,waitForSelector,'#game-canvas'
tests/e2e/level-nav.spec.js,670,waitForSelector,'#game-canvas'
tests/e2e/level-nav.spec.js,691,waitForSelector,'#game-canvas'
tests/e2e/level-nav.spec.js,700,waitForSelector,'#game-canvas'
tests/e2e/level-nav.spec.js,722,waitForSelector,'#game-canvas'
tests/e2e/level-nav.spec.js,755,waitForSelector,'#game-canvas'
tests/e2e/level-nav.spec.js,96,waitForResponse,
tests/e2e/level-nav.spec.js,737,waitForResponse,
tests/e2e/level-nav.spec.js,300,waitForFunction,(
tests/e2e/level-nav.spec.js,314,waitForFunction,(
tests/e2e/level-nav.spec.js,321,waitForFunction,(
tests/e2e/level-nav.spec.js,329,waitForFunction,(
tests/e2e/level-nav.spec.js,345,waitForFunction,(
tests/e2e/level-nav.spec.js,358,waitForFunction,(
tests/e2e/level-nav.spec.js,382,waitForFunction,(
tests/e2e/level-nav.spec.js,388,waitForFunction,(
tests/e2e/level-nav.spec.js,604,waitForFunction,(
tests/e2e/lifecycle.spec.js,23,waitForSelector,'canvas'
tests/e2e/lifecycle.spec.js,146,waitForSelector,'canvas'
tests/e2e/lifecycle.spec.js,223,waitForSelector,'#game-canvas'
tests/e2e/lifecycle.spec.js,270,waitForSelector,'#game-canvas'
tests/e2e/lifecycle.spec.js,25,waitForFunction,(
tests/e2e/lifecycle.spec.js,117,waitForFunction,(
tests/e2e/lifecycle.spec.js,148,waitForFunction,(
tests/e2e/lifecycle.spec.js,163,waitForFunction,(
tests/e2e/lifecycle.spec.js,201,waitForFunction,(
tests/e2e/lifecycle.spec.js,225,waitForFunction,(
tests/e2e/lifecycle.spec.js,248,waitForFunction,(
tests/e2e/lifecycle.spec.js,272,waitForFunction,(
tests/e2e/makeover-run.spec.js,12,waitForSelector,'#game-container canvas'
tests/e2e/merge-games.spec.js,14,waitForSelector,'#game-canvas'
tests/e2e/parking-escape.spec.js,12,waitForSelector,'#game-canvas'
tests/e2e/parking-escape.spec.js,29,waitForSelector,'#level-display'
tests/e2e/parking-escape.spec.js,137,waitForSelector,'#game-canvas'
tests/e2e/parking-escape.spec.js,152,waitForSelector,'#game-canvas'
tests/e2e/parking-escape.spec.js,48,waitForFunction,(
tests/e2e/parking-escape.spec.js,55,waitForFunction,(
tests/e2e/parking-escape.spec.js,64,waitForFunction,(
tests/e2e/parking-escape.spec.js,75,waitForFunction,(
tests/e2e/parking-escape.spec.js,88,waitForFunction,(
tests/e2e/parking-escape.spec.js,94,waitForFunction,(
tests/e2e/parking-escape.spec.js,112,waitForFunction,(
tests/e2e/parking-escape.spec.js,131,waitForFunction,(
tests/e2e/parking-escape.spec.js,138,waitForFunction,(
tests/e2e/parking-escape.spec.js,139,waitForFunction,(
tests/e2e/parking-escape.spec.js,153,waitForFunction,(
tests/e2e/pull-the-pin.spec.js,17,waitForSelector,'#game-canvas'
tests/e2e/pull-the-pin.spec.js,85,waitForSelector,'#game-canvas'
tests/e2e/pull-the-pin.spec.js,96,waitForSelector,'#game-canvas'
tests/e2e/pull-the-pin.spec.js,67,waitForFunction,(
tests/e2e/pull-the-pin.spec.js,86,waitForFunction,(
tests/e2e/recorder.spec.js,16,waitForSelector,'#game-container canvas'
tests/e2e/satisfying-asmr.spec.js,12,waitForSelector,'#game-canvas'
tests/e2e/save-the-character.spec.js,16,waitForSelector,'#game-canvas'
tests/e2e/swipe-nav.spec.js,18,waitForSelector,'#game-canvas'
tests/e2e/swipe-nav.spec.js,47,waitForSelector,'#game-canvas'
tests/e2e/swipe-nav.spec.js,95,waitForSelector,'#game-canvas'
tests/e2e/swipe-nav.spec.js,159,waitForSelector,'#game-canvas'
tests/e2e/swipe-nav.spec.js,197,waitForSelector,'#game-canvas'
tests/e2e/swipe-nav.spec.js,213,waitForSelector,'#game-canvas'
tests/e2e/swipe-nav.spec.js,263,waitForSelector,'#game-canvas'
tests/e2e/swipe-nav.spec.js,278,waitForSelector,'#game-canvas'
tests/e2e/swipe-nav.spec.js,313,waitForSelector,'#game-canvas'
tests/e2e/swipe-nav.spec.js,326,waitForSelector,'#game-canvas'
tests/e2e/swipe-nav.spec.js,346,waitForSelector,'#game-canvas'
tests/e2e/swipe-nav.spec.js,364,waitForSelector,'#game-canvas'
tests/e2e/water-sort.spec.js,12,waitForSelector,'#game-canvas'
tests/e2e/water-sort.spec.js,123,waitForSelector,'#game-canvas'
tests/e2e/water-sort.spec.js,134,waitForSelector,'#game-canvas'
tests/e2e/water-sort.spec.js,98,waitForFunction,(
tests/e2e/water-sort.spec.js,124,waitForFunction,(
